{
    "appId": "com.bot.app",
    "files": ["dist-webpack/main/bundle.js", "dist-webpack/renderer/**/*", "./assets/**/*"],
    "win": {
        "target": ["nsis"],
        "requestedExecutionLevel": "requireAdministrator"
    },
    "directories": {
        "buildResources": "public"
    },
    "mac": {
        "icon": "./assets/images/bcoin.ico"
    },
    "linux": {
        "icon": "./assets/images/bcoin.png",
        "target": [
            { "target": "deb", "arch": ["x64"] },
            { "target": "7z", "arch": ["x64"] }
        ],
        "category": "Education"
    },
    "nsis": {
        "uninstallDisplayName": "CPU Monitor",
        "license": "license.txt",
        "oneClick": false,
        "allowToChangeInstallationDirectory": true
    }
}
